image_name,status,num_boxes_before,num_boxes_after
img_01_3402617700_01009.jpg,success,1,1
img_01_3436815300_00473.jpg,success,1,1
img_01_3436815300_00477.jpg,success,1,1
img_01_3436815300_00478.jpg,success,1,1
img_01_424799600_00001.jpg,success,1,1
img_01_424799600_00002.jpg,success,1,1
img_01_424826100_00001.jpg,success,1,1
img_01_424826800_00002.jpg,success,1,1
img_01_424826800_00003.jpg,success,1,1
img_01_424995500_00289.jpg,success,1,1
img_01_425000300_00103.jpg,success,3,3
img_01_425000300_00630.jpg,success,1,1
img_01_425000300_00743.jpg,success,1,1
img_01_425005700_00154.jpg,success,1,1
img_01_425005700_00156.jpg,success,1,1
img_01_425005700_00158.jpg,success,1,1
img_01_425005700_00159.jpg,success,1,1
img_01_425005700_00163.jpg,success,1,1
img_01_425005700_00164.jpg,success,1,1
img_01_425005700_00172.jpg,success,1,1
img_01_425005700_00175.jpg,success,1,1
img_01_425005700_00176.jpg,success,1,1
img_01_425005700_00181.jpg,success,1,1
img_01_425005700_00183.jpg,success,1,1
img_01_425005700_00189.jpg,success,1,1
img_01_425005700_00191.jpg,success,1,1
img_01_425005700_00192.jpg,success,1,1
img_01_425005700_00194.jpg,success,1,1
img_01_425005700_00195.jpg,success,1,1
img_01_425005700_00197.jpg,success,1,1
img_01_425005700_00198.jpg,success,1,1
img_01_425005700_00199.jpg,success,1,1
img_01_425005700_00200.jpg,success,1,1
img_01_425005700_00201.jpg,success,1,1
img_01_425005700_00202.jpg,success,1,1
img_01_425005700_00207.jpg,success,1,1
img_01_425005700_00211.jpg,success,1,1
img_01_425005700_00212.jpg,success,1,1
img_01_425005700_00213.jpg,success,1,1
img_01_425005700_00221.jpg,success,1,1
img_01_425005700_00223.jpg,success,1,1
img_01_425005700_00239.jpg,success,1,1
img_01_425005700_00240.jpg,success,1,1
img_01_425005700_00241.jpg,success,1,1
img_01_425005700_00253.jpg,success,1,1
img_01_425005700_00254.jpg,success,1,1
img_01_425005700_00255.jpg,success,1,1
img_01_425005700_00256.jpg,success,1,1
img_01_425005700_00258.jpg,success,1,1
img_01_425005700_00266.jpg,success,1,1
img_01_425005700_00267.jpg,success,1,1
img_01_425005700_00270.jpg,success,1,1
img_01_425005700_00273.jpg,success,1,1
img_01_425005700_00277.jpg,success,1,1
img_01_425005700_00279.jpg,success,1,1
img_01_425005700_00283.jpg,success,1,1
img_01_425005700_00286.jpg,success,1,1
img_01_425005700_00287.jpg,success,1,1
img_01_425005700_00288.jpg,success,1,1
img_01_425005700_00289.jpg,success,1,1
img_01_425005700_00292.jpg,success,1,1
img_01_425005700_00298.jpg,success,1,1
img_01_425005700_00300.jpg,success,1,1
img_01_425005700_00301.jpg,success,1,1
img_01_425005700_00307.jpg,success,1,1
img_01_425005700_00309.jpg,success,1,1
img_01_425005700_00310.jpg,success,1,1
img_01_425005700_00313.jpg,success,1,1
img_01_425005700_00314.jpg,success,1,1
img_01_425005700_00317.jpg,success,1,1
img_01_425005700_00321.jpg,success,1,1
img_01_425005700_00322.jpg,success,1,1
img_01_425005700_00325.jpg,success,1,1
img_01_425005700_00326.jpg,success,1,1
img_01_425005700_00327.jpg,success,1,1
img_01_425005700_00328.jpg,success,1,1
img_01_425005700_00333.jpg,success,1,1
img_01_425005700_00336.jpg,success,1,1
img_01_425005700_00342.jpg,success,1,1
img_01_425005700_00343.jpg,success,1,1
img_01_425005700_00354.jpg,success,1,1
img_01_425005700_00371.jpg,success,1,1
img_01_425005700_00375.jpg,success,1,1
img_01_425005700_00377.jpg,success,1,1
img_01_425005700_00378.jpg,success,1,1
img_01_425005700_00379.jpg,success,1,1
img_01_425005700_00381.jpg,success,1,1
img_01_425005700_00384.jpg,success,1,1
img_01_425005700_00395.jpg,success,1,1
img_01_425005700_00396.jpg,success,1,1
img_01_425005700_00398.jpg,success,1,1
img_01_425005700_00400.jpg,success,1,1
img_01_425005700_00403.jpg,success,1,1
img_01_425005700_00404.jpg,success,1,1
img_01_425005700_00409.jpg,success,1,1
img_01_425005700_00410.jpg,success,1,1
img_01_425005700_00419.jpg,success,1,1
img_01_425005700_00421.jpg,success,1,1
img_01_425005700_00442.jpg,success,1,1
img_01_425005700_00447.jpg,success,1,1
img_01_425005700_00451.jpg,success,1,1
img_01_425005700_00453.jpg,success,1,1
img_01_425005700_00463.jpg,success,1,1
img_01_425005700_00464.jpg,success,1,1
img_01_425005700_00465.jpg,success,1,1
img_01_425005700_00466.jpg,success,1,1
img_01_425005700_00469.jpg,success,1,1
img_01_425005700_00476.jpg,success,1,1
img_01_425005700_00485.jpg,success,1,1
img_01_425005700_00487.jpg,success,1,1
img_01_425005700_00490.jpg,success,1,1
img_01_425005700_00503.jpg,success,1,1
img_01_425005700_00506.jpg,success,1,1
img_01_425005700_00555.jpg,success,1,1
img_01_425006100_00947.jpg,success,1,1
img_01_425006200_00175.jpg,success,1,1
img_01_425006200_00373.jpg,success,1,1
img_01_425006200_00530.jpg,success,1,1
img_01_425006200_00929.jpg,success,1,1
img_01_425006200_01173.jpg,success,1,1
img_01_425006400_00001.jpg,success,1,1
img_01_425006600_00001.jpg,success,1,1
img_01_425006600_00376.jpg,success,1,1
img_01_425006600_00499.jpg,success,1,1
img_01_425006600_00905.jpg,success,1,1
img_01_425006800_00261.jpg,success,1,1
img_01_425006800_00262.jpg,success,1,1
img_01_425007500_00001.jpg,success,1,1
img_01_425007500_00003.jpg,success,1,1
img_01_425007500_01452.jpg,success,1,1
img_01_425007500_01453.jpg,success,2,2
img_01_425007600_00126.jpg,success,1,1
img_01_425007600_00459.jpg,success,2,2
img_01_425007600_00532.jpg,success,2,2
img_01_425007600_00599.jpg,success,2,2
img_01_425007600_00673.jpg,success,2,2
img_01_425007600_00674.jpg,success,2,2
img_01_425007600_00854.jpg,success,1,1
img_01_425007600_01072.jpg,success,2,2
img_01_425008000_00002.jpg,success,1,1
img_01_425008000_00037.jpg,success,2,2
img_01_425008000_00104.jpg,success,1,1
img_01_425008000_00175.jpg,success,1,1
img_01_425008000_00281.jpg,success,1,1
img_01_425008000_00572.jpg,success,1,1
img_01_425008500_00104.jpg,success,1,1
img_01_425008500_00183.jpg,success,1,1
img_01_425008500_00260.jpg,success,1,1
img_01_425008500_00338.jpg,success,2,2
img_01_425008500_00339.jpg,success,1,1
img_01_425008500_00410.jpg,success,1,1
img_01_425008500_00476.jpg,success,1,1
img_01_425008500_00532.jpg,success,1,1
img_01_425008500_00584.jpg,success,1,1
img_01_425008500_00677.jpg,success,1,1
img_01_425008500_00793.jpg,success,1,1
img_01_425008500_00794.jpg,success,1,1
img_01_425008500_00846.jpg,success,1,1
img_01_425241400_00039.jpg,success,1,1
img_01_425241400_00053.jpg,success,1,1
img_01_425241500_00995.jpg,success,2,2
img_01_425241500_01125.jpg,success,1,1
img_01_425241500_01136.jpg,success,1,1
img_01_425241600_00649.jpg,success,2,2
img_01_425243200_00439.jpg,success,1,1
img_01_425243300_00221.jpg,success,1,1
img_01_425243300_00234.jpg,success,1,1
img_01_425243300_00296.jpg,success,1,1
img_01_425243300_00467.jpg,success,1,1
img_01_425243300_00542.jpg,success,1,1
img_01_425243600_00631.jpg,success,2,2
img_01_425243600_00848.jpg,success,2,2
img_01_425244100_00158.jpg,success,1,1
img_01_425244300_00309.jpg,success,1,1
img_01_425382400_00001.jpg,success,2,2
img_01_425391700_00025.jpg,success,1,1
img_01_425391800_00018.jpg,success,2,2
img_01_425392100_00017.jpg,success,3,3
img_01_425392100_00662.jpg,success,1,1
img_01_425392100_00886.jpg,success,1,1
img_01_425392500_00788.jpg,success,1,1
img_01_425501700_00018.jpg,success,2,2
img_01_425501700_00022.jpg,success,1,1
img_01_425501900_00017.jpg,success,1,1
img_01_425501900_00018.jpg,success,2,2
img_01_425502200_00017.jpg,success,1,1
img_01_425502200_00018.jpg,success,2,2
img_01_425502600_00017.jpg,success,2,2
img_01_425502900_00018.jpg,success,1,1
img_01_425503100_00017.jpg,success,2,2
img_01_425503100_00018.jpg,success,3,3
img_01_425503300_00017.jpg,success,1,1
img_01_425503300_00018.jpg,success,2,2
img_01_425503500_00017.jpg,success,2,2
img_01_425503500_00018.jpg,success,1,1
img_01_425503600_00017.jpg,success,2,2
img_01_425505100_00017.jpg,success,1,1
img_01_425506400_00018.jpg,success,1,1
img_01_425506600_00018.jpg,success,1,1
img_01_425506800_00019.jpg,success,1,1
img_01_425507000_00018.jpg,success,1,1
img_01_425507400_00088.jpg,success,2,2
img_01_425508300_00017.jpg,success,1,1
img_01_425613800_00786.jpg,success,1,1
img_01_425614400_00001.jpg,success,2,2
img_01_425614600_00001.jpg,success,1,1
img_01_425614600_00428.jpg,success,1,1
img_01_425616200_00001.jpg,success,2,2
img_01_425622400_00001.jpg,success,1,1
img_01_425637800_00001.jpg,success,3,3
img_01_425637800_00891.jpg,success,4,4
img_01_425637900_00899.jpg,success,2,2
img_01_425638500_00001.jpg,success,1,1
img_01_425639800_00874.jpg,success,2,2
img_01_425640000_00309.jpg,success,1,1
img_01_429539000_00002.jpg,success,2,2
img_01_432220200_00001.jpg,success,1,1
img_01_436068700_00001.jpg,success,2,2
img_01_4402117100_00006.jpg,success,1,1
img_01_4402117200_00003.jpg,success,1,1
img_01_4402270500_00004.jpg,success,2,2
img_01_4402540800_01483.jpg,success,3,3
img_01_4402541100_00001.jpg,success,2,2
img_01_4402818600_00001.jpg,success,2,2
img_01_4403565100_00003.jpg,success,1,1
img_01_4403565100_00007.jpg,success,1,1
img_01_4403565100_00012.jpg,success,1,1
img_01_4403565100_00020.jpg,success,1,1
img_01_4403565100_00038.jpg,success,1,1
img_01_4403690400_00005.jpg,success,1,1
img_01_4406743300_00017.jpg,success,1,1
img_01_4406743300_00021.jpg,success,1,1
img_01_4406743300_00159.jpg,success,1,1
img_01_4406743300_00166.jpg,success,1,1
img_01_4406743300_00192.jpg,success,1,1
img_01_4406743300_00195.jpg,success,1,1
img_01_4406743300_00197.jpg,success,1,1
img_01_4406743300_00215.jpg,success,1,1
img_01_4406743300_00216.jpg,success,1,1
img_01_4406743300_00223.jpg,success,1,1
img_01_4406743300_00225.jpg,success,1,1
img_01_4406743300_00307.jpg,success,1,1
img_01_4406743300_00447.jpg,success,1,1
img_01_4406743300_00461.jpg,success,1,1
img_01_4406743300_00475.jpg,success,1,1
img_01_4406743300_00637.jpg,success,1,1
img_01_4406743300_00649.jpg,success,1,1
img_01_4406743300_00650.jpg,success,1,1
img_01_4406743300_00801.jpg,success,1,1
img_01_4406743300_00804.jpg,success,1,1
img_01_4406743300_00836.jpg,success,1,1
img_01_4406743300_00837.jpg,success,1,1
img_01_4406743300_00881.jpg,success,1,1
img_01_4406743300_00935.jpg,success,3,3
img_01_4406772100_00002.jpg,success,2,2
img_01_SIS001522_00033.jpg,success,1,1
img_01_SIS001522_00045.jpg,success,1,1
img_01_SIS001577_00012.jpg,success,1,1
img_01_SIS001577_00032.jpg,success,1,1
img_01_SIS001577_00049.jpg,success,1,1
img_02_3402576500_00001.jpg,success,3,3
img_02_3402616900_00001.jpg,success,3,3
img_02_3402617200_00001.jpg,success,2,2
img_02_3402617200_00003.jpg,success,1,1
img_02_3402617400_01103.jpg,success,3,3
img_02_3402617500_00787.jpg,success,3,3
img_02_3402618000_00002.jpg,success,1,1
img_02_3402618000_00007.jpg,success,1,1
img_02_3402618000_00010.jpg,success,1,1
img_02_3403404500_01254.jpg,success,2,2
img_02_3403404600_01001.jpg,success,3,2
img_02_3403405400_00930.jpg,success,3,3
img_02_3436786500_00137.jpg,success,1,1
img_02_3436786500_00141.jpg,success,1,1
img_02_3436786500_00142.jpg,success,1,1
img_02_3436786500_00152.jpg,success,1,1
img_02_3436787300_00007.jpg,success,4,4
img_02_3436789300_00908.jpg,success,1,1
img_02_3436789500_00005.jpg,success,2,2
img_02_3436813700_00267.jpg,success,1,1
img_02_3436813700_00269.jpg,success,2,2
img_02_3436813700_00276.jpg,success,1,1
img_02_3436813700_00298.jpg,success,1,1
img_02_3436813700_00301.jpg,success,1,1
img_02_3436813700_00303.jpg,success,1,1
img_02_3436813700_00306.jpg,success,2,2
img_02_3436813700_00307.jpg,success,1,1
img_02_3436813700_00320.jpg,success,1,1
img_02_3436813700_00321.jpg,success,1,1
img_02_3436813700_00322.jpg,success,1,1
img_02_3436813700_00326.jpg,success,1,1
img_02_3436813700_00335.jpg,success,1,1
img_02_3436813700_00773.jpg,success,1,1
img_02_3436813700_00790.jpg,success,1,1
img_02_3436816100_00147.jpg,success,1,1
img_02_3436816100_00148.jpg,success,3,3
img_02_3436816100_00150.jpg,success,1,1
img_02_3436816100_00153.jpg,success,1,1
img_02_3437009400_00001.jpg,success,2,2
img_02_424714400_00010.jpg,success,1,1
img_02_424799200_00150.jpg,success,2,2
img_02_424799200_00178.jpg,success,1,1
img_02_424799200_00250.jpg,success,1,1
img_02_424799300_00040.jpg,success,1,1
img_02_424799300_00072.jpg,success,1,1
img_02_424799300_00146.jpg,success,1,1
img_02_425243200_00115.jpg,success,1,1
img_02_425243200_00533.jpg,success,1,1
img_02_425243200_00536.jpg,success,1,1
img_02_425243200_00561.jpg,success,1,1
img_02_425243200_00563.jpg,success,1,1
img_02_425243400_00044.jpg,success,1,1
img_02_425243400_00052.jpg,success,1,1
img_02_425243400_00057.jpg,success,1,1
img_02_425390000_00017.jpg,success,3,3
img_02_425391000_00490.jpg,success,2,2
img_02_425391100_00017.jpg,success,2,1
img_02_425391700_00019.jpg,success,2,1
img_02_425391800_00025.jpg,success,1,1
img_02_425392000_00996.jpg,success,1,1
img_02_425392400_00018.jpg,success,3,2
img_02_425392400_00022.jpg,success,1,1
img_02_425392500_00017.jpg,success,2,2
img_02_425501100_00688.jpg,success,2,2
img_02_425501900_00017.jpg,success,2,2
img_02_425501900_00018.jpg,success,3,3
img_02_425502300_00338.jpg,success,1,1
img_02_425503000_00020.jpg,success,1,1
img_02_425503500_00017.jpg,success,2,1
img_02_425503800_00019.jpg,success,1,1
img_02_425504800_00019.jpg,success,1,1
img_02_425505400_01038.jpg,success,1,1
img_02_425505500_00018.jpg,success,1,1
img_02_425505700_00018.jpg,success,2,1
img_02_425506300_00018.jpg,success,1,1
img_02_425506400_00018.jpg,skip_no_boxes_after_aug,1,0
img_02_425506800_00019.jpg,success,2,2
img_02_425507000_00872.jpg,success,3,1
img_02_425507000_00876.jpg,success,2,2
img_02_425507000_00888.jpg,success,1,1
img_02_425507000_00900.jpg,success,1,1
img_02_425507000_00913.jpg,success,1,1
img_02_425507200_00018.jpg,skip_no_boxes_after_aug,1,0
img_02_425507200_01502.jpg,success,6,6
img_02_425507200_01503.jpg,success,5,5
img_02_425507200_01504.jpg,success,5,5
img_02_425507200_01505.jpg,success,3,3
img_02_425507200_01510.jpg,success,3,3
img_02_425507200_01511.jpg,success,3,3
img_02_425507200_01512.jpg,success,5,5
img_02_425507200_01516.jpg,success,3,3
img_02_425507200_01517.jpg,success,3,3
img_02_425508300_00017.jpg,success,1,1
img_02_425508400_00141.jpg,success,1,1
img_02_425508600_00684.jpg,success,1,1
img_02_425613600_00582.jpg,success,2,2
img_02_425613700_00758.jpg,success,1,1
img_02_425613800_00786.jpg,success,2,1
img_02_425614400_00001.jpg,success,1,1
img_02_425614600_00001.jpg,success,1,1
img_02_425614600_00432.jpg,success,1,1
img_02_425614700_00001.jpg,success,2,2
img_02_425616500_00001.jpg,success,2,2
img_02_425616500_00770.jpg,success,1,1
img_02_425621800_00910.jpg,success,1,1
img_02_425622000_00002.jpg,success,1,1
img_02_425622400_00001.jpg,success,2,2
img_02_425622600_00001.jpg,success,2,2
img_02_425637500_00001.jpg,success,1,1
img_02_425637700_00001.jpg,success,2,2
img_02_425637800_00891.jpg,success,2,2
img_02_425637900_00899.jpg,success,2,2
img_02_425640000_00634.jpg,success,3,3
img_02_425644200_00602.jpg,success,1,1
img_02_425644200_00681.jpg,success,2,2
img_02_425644600_00001.jpg,success,3,3
img_02_425646200_00628.jpg,success,1,1
img_02_425646200_00634.jpg,success,2,2
img_02_427146700_00002.jpg,success,3,3
img_02_432220200_00001.jpg,success,1,1
img_02_435974400_00004.jpg,success,5,5
img_02_436068400_00001.jpg,success,4,4
img_02_436068500_00002.jpg,success,3,3
img_02_436149500_00369.jpg,success,1,1
img_02_436149500_00939.jpg,success,1,1
img_02_436150100_00001.jpg,success,1,1
img_02_436151900_00101.jpg,success,1,1
img_02_436152900_00001.jpg,success,3,2
img_02_436152900_00538.jpg,success,1,1
img_02_436152900_00542.jpg,success,1,1
img_02_436152900_00547.jpg,success,1,1
img_02_436152900_00559.jpg,success,1,1
img_02_436153300_00001.jpg,success,3,3
img_02_436153300_01008.jpg,success,3,2
img_02_436153600_00658.jpg,success,1,1
img_02_436153600_00661.jpg,success,1,1
img_02_436153600_00662.jpg,success,1,1
img_02_436153600_00665.jpg,success,1,1
img_02_436153600_00666.jpg,success,1,1
img_02_436153600_00671.jpg,success,1,1
img_02_436153600_00681.jpg,success,1,1
img_02_436153600_00683.jpg,success,1,1
img_02_436153600_00684.jpg,success,1,1
img_02_436153600_00685.jpg,success,1,1
img_02_436153600_00687.jpg,success,1,1
img_02_436153600_00689.jpg,success,1,1
img_02_436153600_00692.jpg,success,1,1
img_02_436153600_00695.jpg,success,1,1
img_02_436153600_00696.jpg,success,1,1
img_02_436153600_00697.jpg,success,1,1
img_02_436153600_00698.jpg,success,1,1
img_02_436153600_00699.jpg,success,1,1
img_02_436153600_00700.jpg,success,1,1
img_02_436153600_00705.jpg,success,1,1
img_02_436153600_00708.jpg,success,1,1
img_02_436153600_00709.jpg,success,1,1
img_02_436153600_00747.jpg,success,1,1
img_02_436164000_00006.jpg,success,2,2
img_02_436164000_00029.jpg,success,2,2
img_02_436164300_00844.jpg,success,1,1
img_02_436164300_01201.jpg,success,1,1
img_02_436164700_00001.jpg,success,2,1
img_02_436165600_00025.jpg,success,1,1
img_02_436183700_00098.jpg,success,1,1
img_02_436184600_00775.jpg,success,1,1
img_02_436184600_00779.jpg,success,1,1
img_02_436184600_00782.jpg,success,1,1
img_02_436184600_00785.jpg,success,2,2
img_02_436185000_00016.jpg,success,1,1
img_02_436185500_00005.jpg,success,1,1
img_02_436185700_00002.jpg,success,2,2
img_02_4402329100_00006.jpg,success,1,1
img_02_4402541100_00001.jpg,success,3,3
img_02_4402623300_00026.jpg,success,2,2
img_02_4402623300_00028.jpg,success,1,1
img_02_4402766800_00635.jpg,success,1,1
img_02_4402785600_00004.jpg,success,2,2
img_02_4402852400_00774.jpg,success,3,3
img_02_4402852500_01045.jpg,success,3,3
img_02_4403465900_00026.jpg,success,1,1
img_02_4403465900_00034.jpg,success,1,1
img_02_4403465900_00045.jpg,success,1,1
img_02_4403466100_00013.jpg,success,1,1
img_02_4403466200_00005.jpg,success,3,3
img_02_4403466200_00006.jpg,success,2,2
img_02_4403466500_00008.jpg,success,1,1
img_02_4403466500_00010.jpg,success,1,1
img_02_4403466600_00004.jpg,success,1,1
img_02_4403466600_00014.jpg,success,1,1
img_02_4403466700_00010.jpg,success,2,2
img_02_4403466900_00011.jpg,success,2,2
img_02_4403466900_00012.jpg,success,3,3
img_02_4403955000_00001.jpg,success,4,4
img_02_4404580600_00661.jpg,success,1,1
img_02_4404612700_00054.jpg,success,1,1
img_02_4404892700_01142.jpg,success,3,3
img_02_4405230800_01134.jpg,success,2,2
img_02_4405377500_01014.jpg,success,2,2
img_02_4406430100_00002.jpg,success,1,1
img_02_4406446600_00072.jpg,success,3,3
img_02_4406446600_00073.jpg,success,2,2
img_02_4406562900_00687.jpg,success,1,1
img_02_4406645900_00001.jpg,success,2,2
img_02_4406645900_00002.jpg,success,2,2
img_02_4406645900_00304.jpg,success,1,1
img_02_4406645900_00339.jpg,success,1,1
img_02_4406743300_00001.jpg,success,3,3
img_02_4406772100_00221.jpg,success,1,1
img_02_4406772100_00275.jpg,success,1,1
img_02_4406772100_00305.jpg,success,1,1
img_02_4406772100_00404.jpg,success,1,1
img_02_4406772100_00443.jpg,success,1,1
img_02_4406772100_00500.jpg,success,1,1
img_02_4406772100_00531.jpg,success,1,1
img_02_4406772100_00602.jpg,success,3,3
img_02_4406772100_00672.jpg,success,2,2
img_02_4406772100_00673.jpg,success,3,3
img_02_4406772100_00695.jpg,success,1,1
img_02_4406772100_00755.jpg,success,1,1
img_02_4406772100_00758.jpg,success,1,1
img_02_4406772100_00887.jpg,success,1,1
img_02_4406772100_01092.jpg,success,1,1
img_02_4406783500_00004.jpg,success,2,2
img_02_4406783500_00009.jpg,success,3,3
img_02_4406783500_00010.jpg,success,3,3
img_02_SIS001491_00257.jpg,success,1,1
img_02_SIS001491_00261.jpg,success,1,1
img_02_SIS001491_00280.jpg,success,1,1
img_02_SIS001491_00289.jpg,success,1,1
img_02_SIS001522_00004.jpg,success,3,3
img_02_SIS001522_00007.jpg,success,2,2
img_02_SIS001522_00012.jpg,success,4,4
img_02_SIS001522_00026.jpg,success,1,1
img_02_SIS001522_00031.jpg,success,4,4
img_02_SIS001522_00555.jpg,success,1,1
img_02_SIS001522_00568.jpg,success,1,1
img_02_SIS001533_00164.jpg,success,1,1
img_02_SIS001533_00311.jpg,success,1,1
img_02_SIS001540_00034.jpg,success,2,2
img_02_SIS001540_00053.jpg,success,3,3
img_02_SIS001540_00105.jpg,success,4,4
img_02_SIS001561_01227.jpg,success,1,1
img_02_SIS001561_01413.jpg,success,1,1
img_02_SIS001564_01308.jpg,success,1,1
img_02_SIS001564_01335.jpg,success,1,1
img_02_SIS001574_00003.jpg,success,1,1
img_02_SIS002356_00001.jpg,success,1,1
img_03_3402564500_00001.jpg,success,3,3
img_03_3402616100_00002.jpg,success,1,1
img_03_3402616900_00001.jpg,success,1,1
img_03_3402617100_00119.jpg,success,2,2
img_03_3402617100_00120.jpg,success,3,3
img_03_3402617100_00124.jpg,success,10,10
img_03_3402617100_00131.jpg,success,3,3
img_03_3402617200_00001.jpg,success,1,1
img_03_3402617400_00869.jpg,success,2,2
img_03_3402617400_00898.jpg,success,1,1
img_03_3402617400_00919.jpg,success,2,2
img_03_3402617400_01103.jpg,success,2,2
img_03_3402617500_00003.jpg,success,1,1
img_03_3402617500_00138.jpg,success,2,2
img_03_3402617500_00787.jpg,success,2,2
img_03_3402617700_00118.jpg,success,2,2
img_03_3402617700_00386.jpg,success,1,1
img_03_3402617700_00394.jpg,success,1,1
img_03_3402617700_00456.jpg,success,2,2
img_03_3402617700_00707.jpg,success,3,3
img_03_3402617700_00745.jpg,success,1,1
img_03_3402617700_00768.jpg,success,1,1
img_03_3402617700_00783.jpg,success,1,1
img_03_3402617700_00886.jpg,success,2,2
img_03_3402617700_01009.jpg,success,2,2
img_03_3402617800_00047.jpg,success,1,1
img_03_3402618000_00007.jpg,success,1,1
img_03_3402618000_00013.jpg,success,1,1
img_03_3402618000_00035.jpg,success,1,1
img_03_3403331900_01545.jpg,success,2,2
img_03_3403392000_01070.jpg,success,2,2
img_03_3403392100_00870.jpg,success,1,1
img_03_3403393700_00942.jpg,success,4,4
img_03_3403393800_01156.jpg,success,5,5
img_03_3403394000_01158.jpg,success,3,3
img_03_3403394100_01319.jpg,success,2,2
img_03_3403394800_00844.jpg,success,1,1
img_03_3403395700_01033.jpg,success,2,2
img_03_3403397500_01395.jpg,success,2,2
img_03_3403399500_00888.jpg,success,1,1
img_03_3403400200_00567.jpg,success,1,1
img_03_3403400500_00340.jpg,success,2,2
img_03_3403401800_00672.jpg,success,2,2
img_03_3403402900_00962.jpg,success,2,2
img_03_3403403300_00700.jpg,success,1,1
img_03_3403403500_00735.jpg,success,2,2
img_03_3403403700_00806.jpg,success,3,3
img_03_3403404300_01219.jpg,success,1,1
img_03_3403404800_00998.jpg,success,1,1
img_03_3403405900_00857.jpg,success,3,3
img_03_3403406000_00825.jpg,success,2,2
img_03_3437006100_00013.jpg,success,2,2
img_03_3437006500_00033.jpg,success,3,3
img_03_3437006500_00035.jpg,success,2,2
img_03_3437006900_00002.jpg,success,1,1
img_03_424712600_00016.jpg,success,1,1
img_03_424714400_00001.jpg,success,4,4
img_03_424714400_00306.jpg,success,1,1
img_03_424714400_00326.jpg,success,1,1
img_03_424714400_00327.jpg,success,2,2
img_03_424798200_00001.jpg,success,2,2
img_03_424798500_00466.jpg,success,1,1
img_03_424798500_00467.jpg,success,1,1
img_03_424799300_00861.jpg,success,1,1
img_03_424799600_00324.jpg,success,1,1
img_03_424799600_00382.jpg,success,2,2
img_03_424825900_00211.jpg,success,1,1
img_03_424826100_00528.jpg,success,1,1
img_03_424826800_00073.jpg,success,1,1
img_03_424826800_00254.jpg,success,1,1
img_03_424826800_00361.jpg,success,1,1
img_03_424826800_00420.jpg,success,1,1
img_03_424992300_00216.jpg,success,1,1
img_03_424992300_00228.jpg,success,1,1
img_03_424992300_00274.jpg,success,1,1
img_03_424992300_00279.jpg,success,1,1
img_03_424992300_00311.jpg,success,1,1
img_03_424992300_00520.jpg,success,2,2
img_03_424992500_00103.jpg,success,2,2
img_03_424992500_00388.jpg,success,1,1
img_03_424992500_00437.jpg,success,1,1
img_03_424992500_00482.jpg,success,1,1
img_03_424992500_00514.jpg,success,2,2
img_03_424992500_00525.jpg,success,2,2
img_03_424992500_00609.jpg,success,2,2
img_03_424992500_01040.jpg,success,1,1
img_03_424992500_01054.jpg,success,1,1
img_03_424992500_01056.jpg,success,1,1
img_03_424992500_01102.jpg,success,1,1
img_03_425004200_00987.jpg,success,4,4
img_03_425005700_01362.jpg,success,2,2
img_03_425234000_00057.jpg,success,1,1
img_03_425238500_01207.jpg,success,2,2
img_03_425243200_00116.jpg,success,1,1
img_03_425243400_00061.jpg,success,1,1
img_03_425383400_00420.jpg,success,1,1
img_03_425390700_00020.jpg,success,2,2
img_03_425391000_00489.jpg,success,1,1
img_03_425391100_00017.jpg,success,2,2
img_03_425391800_00249.jpg,success,1,1
img_03_425391900_00018.jpg,success,2,2
img_03_425501100_00018.jpg,success,2,2
img_03_425501800_00018.jpg,success,4,4
img_03_425501800_00019.jpg,success,3,3
img_03_425501800_01106.jpg,success,2,2
img_03_425501800_01136.jpg,success,2,2
img_03_425501800_01148.jpg,success,2,2
img_03_425501800_01154.jpg,success,2,2
img_03_425501800_01178.jpg,success,2,2
img_03_425501800_01190.jpg,success,2,2
img_03_425501800_01196.jpg,success,2,2
img_03_425501800_01202.jpg,success,2,2
img_03_425501800_01208.jpg,success,2,2
img_03_425501800_01214.jpg,success,2,2
img_03_425501900_00017.jpg,success,1,1
img_03_425502300_00018.jpg,success,3,3
img_03_425502700_00017.jpg,success,2,2
img_03_425502900_00018.jpg,success,3,3
img_03_425503100_00066.jpg,success,1,1
img_03_425503100_00068.jpg,success,1,1
img_03_425503400_00017.jpg,success,1,1
img_03_425503600_00016.jpg,success,1,1
img_03_425503800_00017.jpg,success,2,2
img_03_425504800_00012.jpg,success,1,1
img_03_425504800_00018.jpg,success,2,2
img_03_425505000_00018.jpg,success,2,2
img_03_425505400_00017.jpg,success,2,2
img_03_425505400_00075.jpg,success,1,1
img_03_425505400_01015.jpg,success,1,1
img_03_425505400_01021.jpg,success,3,3
img_03_425505400_01033.jpg,success,4,4
img_03_425505700_00018.jpg,success,2,2
img_03_425505900_00018.jpg,success,1,1
img_03_425506300_00018.jpg,success,2,2
img_03_425506400_00018.jpg,success,2,2
img_03_425507000_00018.jpg,success,2,2
img_03_425507000_00872.jpg,success,2,2
img_03_425507000_00876.jpg,success,1,1
img_03_425507000_00882.jpg,success,2,2
img_03_425507000_00894.jpg,success,2,2
img_03_425507000_00900.jpg,success,1,1
img_03_425507400_00018.jpg,success,2,2
img_03_425508300_00320.jpg,success,2,2
img_03_425508400_00378.jpg,success,3,3
img_03_425508400_00380.jpg,success,5,5
img_03_425609500_00746.jpg,success,1,1
img_03_425613500_00001.jpg,success,1,1
img_03_425613500_00597.jpg,success,2,2
img_03_425613600_00582.jpg,success,1,1
img_03_425613700_00782.jpg,success,3,3
img_03_425613800_00022.jpg,success,1,1
img_03_425613800_00026.jpg,success,1,1
img_03_425613800_00786.jpg,success,1,1
img_03_425616200_00001.jpg,success,2,2
img_03_425616500_00769.jpg,success,1,1
img_03_425620300_00001.jpg,success,3,3
img_03_425622400_00001.jpg,success,2,2
img_03_425622700_00002.jpg,success,1,1
img_03_425637500_00012.jpg,success,1,1
img_03_425637500_00653.jpg,success,3,3
img_03_425637700_00842.jpg,success,2,2
img_03_425638500_00001.jpg,success,2,2
img_03_425638500_00716.jpg,success,1,1
img_03_425639800_00874.jpg,success,1,1
img_03_425639900_00615.jpg,success,2,2
img_03_425644100_00594.jpg,success,2,2
img_03_425644200_00680.jpg,success,2,2
img_03_425644600_00006.jpg,success,1,1
img_03_436068400_00001.jpg,success,1,1
img_03_436068500_00002.jpg,success,2,2
img_03_436068600_00001.jpg,success,2,2
img_03_436150300_00317.jpg,success,1,1
img_03_436150300_00318.jpg,success,1,1
img_03_436150300_00320.jpg,success,1,1
img_03_436150300_00326.jpg,success,1,1
img_03_436150300_00328.jpg,success,1,1
img_03_436150300_00330.jpg,success,1,1
img_03_436150300_00373.jpg,success,1,1
img_03_436150300_00388.jpg,success,2,2
img_03_436152900_00005.jpg,success,6,6
img_03_436152900_00522.jpg,success,2,2
img_03_436152900_00524.jpg,success,4,4
img_03_436152900_00525.jpg,success,2,2
img_03_436152900_00529.jpg,success,3,3
img_03_436152900_00530.jpg,success,3,3
img_03_436152900_00535.jpg,success,2,2
img_03_436152900_00543.jpg,success,6,6
img_03_436152900_00557.jpg,success,4,4
img_03_436152900_00585.jpg,success,3,3
img_03_436152900_00593.jpg,success,3,3
img_03_436152900_00605.jpg,success,3,3
img_03_436152900_00612.jpg,success,1,1
img_03_436153300_00001.jpg,success,1,1
img_03_436153300_01008.jpg,success,2,2
img_03_436153600_01213.jpg,success,1,1
img_03_436164300_00327.jpg,success,1,1
img_03_436164500_00818.jpg,success,1,1
img_03_436164700_00001.jpg,success,2,2
img_03_436164700_00257.jpg,success,1,1
img_03_436184600_00002.jpg,success,2,2
img_03_436184600_00773.jpg,success,3,3
img_03_436184600_00776.jpg,success,1,1
img_03_436184600_00778.jpg,success,3,3
img_03_436184600_00782.jpg,success,2,2
img_03_436184600_00786.jpg,success,2,2
img_03_436184600_00792.jpg,success,3,3
img_03_436184600_00793.jpg,success,2,2
img_03_436184600_00794.jpg,success,1,1
img_03_436184600_00797.jpg,success,3,3
img_03_436184600_00799.jpg,success,2,2
img_03_436184600_00800.jpg,success,4,4
img_03_436185500_00005.jpg,success,1,1
img_03_4401440300_00347.jpg,success,3,3
img_03_4402117400_00003.jpg,success,1,1
img_03_4402270500_00004.jpg,success,1,1
img_03_4402329000_00001.jpg,success,1,1
img_03_4402541500_01471.jpg,success,1,1
img_03_4402724500_01238.jpg,success,2,2
img_03_4402724500_01242.jpg,success,6,6
img_03_4402766600_00002.jpg,success,2,2
img_03_4402766800_00010.jpg,success,1,1
img_03_4402766900_00001.jpg,success,1,1
img_03_4402785000_00001.jpg,success,1,1
img_03_4403465900_00023.jpg,success,3,3
img_03_4403466500_00029.jpg,success,2,2
img_03_4403466600_00018.jpg,success,2,2
img_03_4403956700_00007.jpg,success,2,2
img_03_4404374100_01295.jpg,success,1,1
img_03_4404374300_00045.jpg,success,1,1
img_03_4404376300_00098.jpg,success,1,1
img_03_4404580600_00527.jpg,success,2,2
img_03_4404612700_00049.jpg,success,1,1
img_03_4404892800_01027.jpg,success,1,1
img_03_4405356500_00897.jpg,success,2,2
img_03_4405964400_00010.jpg,success,1,1
img_03_4406424600_00002.jpg,success,3,3
img_03_4406425000_00001.jpg,success,4,4
img_03_4406562900_00002.jpg,success,4,4
img_03_4406645900_00001.jpg,success,2,2
img_03_4406645900_00009.jpg,success,1,1
img_03_4406645900_00017.jpg,success,1,1
img_03_4406645900_00298.jpg,success,1,1
img_03_4406645900_00381.jpg,success,1,1
img_03_4406645900_00418.jpg,success,1,1
img_03_4406645900_00454.jpg,success,1,1
img_03_4406645900_00542.jpg,success,1,1
img_03_4406645900_00544.jpg,success,1,1
img_03_SIS001491_00285.jpg,success,1,1
img_03_SIS001491_00361.jpg,success,1,1
img_03_SIS001494_00049.jpg,success,1,1
img_03_SIS001533_00036.jpg,success,2,2
img_03_SIS001540_00771.jpg,success,1,1
img_03_SIS001540_00772.jpg,success,1,1
img_03_SIS001540_00775.jpg,success,1,1
img_03_SIS001540_00778.jpg,success,1,1
img_03_SIS001540_00782.jpg,success,1,1
img_03_SIS001540_00788.jpg,success,1,1
img_03_SIS001540_00789.jpg,success,1,1
img_03_SIS001540_00798.jpg,success,1,1
img_03_SIS001540_00800.jpg,success,1,1
img_03_SIS001540_00801.jpg,success,1,1
img_03_SIS001540_00805.jpg,success,1,1
img_03_SIS001546_00029.jpg,success,4,4
img_03_SIS001546_00031.jpg,success,6,6
img_03_SIS001546_00041.jpg,success,2,2
img_03_SIS001546_00060.jpg,success,2,2
img_03_SIS001561_01569.jpg,success,3,3
img_03_SIS001577_00013.jpg,success,1,1
img_03_SIS001577_00019.jpg,success,5,5
img_04_3402617700_00395.jpg,success,1,1
img_04_3402618000_00001.jpg,success,1,1
img_04_3436787300_00002.jpg,success,1,1
img_04_3436814900_00223.jpg,success,2,2
img_04_424714400_00324.jpg,success,1,1
img_04_424714400_00325.jpg,success,1,1
img_04_424799200_00001.jpg,success,1,1
img_04_424799400_01080.jpg,success,2,2
img_04_424825700_00001.jpg,success,1,1
img_04_424826100_00528.jpg,success,1,1
img_04_424826800_00003.jpg,success,1,1
img_04_425237600_00367.jpg,success,1,1
img_04_425237600_00408.jpg,success,1,1
img_04_425242900_00141.jpg,success,2,2
img_04_425243200_00125.jpg,success,1,1
img_04_425243200_00562.jpg,success,1,1
img_04_425243200_00566.jpg,success,1,1
img_04_425243200_00567.jpg,success,1,1
img_04_425380400_00732.jpg,success,1,1
img_04_425382400_00001.jpg,success,1,1
img_04_425382600_00050.jpg,success,2,2
img_04_425391100_00017.jpg,success,1,1
img_04_425392000_00021.jpg,success,2,2
img_04_425392100_00022.jpg,success,2,2
img_04_425392100_00023.jpg,success,2,2
img_04_425392200_00018.jpg,success,1,1
img_04_425392600_00021.jpg,success,1,1
img_04_425501700_00017.jpg,success,1,1
img_04_425501700_00018.jpg,success,1,1
img_04_425501900_00018.jpg,success,2,2
img_04_425502100_00018.jpg,success,1,1
img_04_425502300_00017.jpg,success,1,1
img_04_425502300_00018.jpg,success,2,2
img_04_425502600_00017.jpg,success,2,2
img_04_425502700_00016.jpg,success,1,1
img_04_425502700_00017.jpg,success,2,2
img_04_425503000_00017.jpg,success,2,2
img_04_425503200_00019.jpg,success,1,1
img_04_425503500_00018.jpg,success,2,2
img_04_425505000_00018.jpg,success,2,2
img_04_425505400_00017.jpg,success,2,2
img_04_425506300_00019.jpg,success,1,1
img_04_425508100_00018.jpg,success,1,1
img_04_425508600_00017.jpg,success,1,1
img_04_425609500_00001.jpg,success,2,2
img_04_425613500_00002.jpg,success,2,2
img_04_425613500_00311.jpg,success,1,1
img_04_425614600_00001.jpg,success,1,1
img_04_425616200_00001.jpg,success,2,2
img_04_425622400_00002.jpg,success,1,1
img_04_425637500_00653.jpg,success,1,1
img_04_425637700_00842.jpg,success,2,2
img_04_425637900_00001.jpg,success,1,1
img_04_425640100_00875.jpg,success,2,2
img_04_431854200_00007.jpg,success,6,6
img_04_431854700_00086.jpg,success,1,1
img_04_431854700_00287.jpg,success,3,3
img_04_431854700_00385.jpg,success,2,2
img_04_431854700_00657.jpg,success,2,2
img_04_431854700_00670.jpg,success,2,2
img_04_431854700_00686.jpg,success,3,3
img_04_431855000_00121.jpg,success,1,1
img_04_431855000_00127.jpg,success,1,1
img_04_432220200_00001.jpg,success,1,1
img_04_435974400_00005.jpg,success,2,2
img_04_436068100_00077.jpg,success,1,1
img_04_436162900_00016.jpg,success,1,1
img_04_436163100_00007.jpg,success,3,3
img_04_436163100_00008.jpg,success,2,2
img_04_436163100_00009.jpg,success,3,3
img_04_436163100_00010.jpg,success,3,3
img_04_436163100_00012.jpg,success,2,2
img_04_436163100_00021.jpg,success,1,1
img_04_436163100_00033.jpg,success,2,2
img_04_436163100_00039.jpg,success,1,1
img_04_436163100_00055.jpg,success,1,1
img_04_436164000_00006.jpg,success,1,1
img_04_436165600_00004.jpg,success,1,1
img_04_4401672100_00003.jpg,success,2,2
img_04_4402116700_00002.jpg,success,1,1
img_04_4402117000_00004.jpg,success,2,2
img_04_4402117300_00001.jpg,success,1,1
img_04_4402541000_00001.jpg,success,1,1
img_04_4402622500_00355.jpg,success,1,1
img_04_4402622500_00364.jpg,success,3,3
img_04_4402622500_00371.jpg,success,2,2
img_04_4402622500_00373.jpg,success,2,2
img_04_4402622500_00374.jpg,success,2,1
img_04_4402622500_00375.jpg,success,3,3
img_04_4402622500_00376.jpg,success,2,2
img_04_4402622500_00377.jpg,success,2,2
img_04_4402622500_00378.jpg,success,1,1
img_04_4402787600_00001.jpg,success,1,1
img_04_4402831800_01217.jpg,success,1,1
img_04_4402851900_00001.jpg,success,1,1
img_04_4403453700_00019.jpg,success,1,1
img_04_4403690400_00005.jpg,success,1,1
img_04_4406645900_00002.jpg,success,1,1
img_04_4406645900_00543.jpg,success,1,1
img_04_4406645900_00678.jpg,success,1,1
img_04_4406645900_00763.jpg,success,1,1
img_04_4406645900_00767.jpg,success,1,1
img_04_4406645900_00808.jpg,success,1,1
img_04_4406645900_00824.jpg,success,1,1
img_04_4406742400_00645.jpg,success,1,1
img_04_4406742400_00684.jpg,success,1,1
img_04_4406743300_00004.jpg,success,1,1
img_04_4406743300_00005.jpg,success,3,3
img_04_4406743300_00277.jpg,success,3,3
img_04_4406743300_00595.jpg,success,1,1
img_04_4406743300_00780.jpg,success,1,1
img_04_4406772100_00001.jpg,success,2,2
img_04_SIS001577_00009.jpg,success,2,2
img_04_SIS001577_00010.jpg,success,2,2
img_04_SIS001577_00012.jpg,success,2,2
img_04_SIS001577_00045.jpg,success,3,3
img_04_SIS001577_00046.jpg,success,3,3
img_04_SIS001577_00052.jpg,success,3,3
img_05_3403334600_00682.jpg,success,1,1
img_05_3403334800_00898.jpg,success,1,1
img_05_424798500_01234.jpg,success,1,1
img_05_424798500_01235.jpg,success,1,1
img_05_424799300_01132.jpg,success,2,2
img_05_424799400_01080.jpg,success,2,2
img_05_425243500_00898.jpg,success,1,1
img_05_425243500_00952.jpg,success,1,1
img_05_425243500_00953.jpg,success,1,1
img_05_425243500_01096.jpg,success,1,1
img_05_425244300_00741.jpg,success,1,1
img_05_425244400_00881.jpg,success,1,1
img_05_425391800_00054.jpg,success,2,2
img_05_425392200_00053.jpg,success,2,2
img_05_425502100_00053.jpg,success,1,1
img_05_425502200_00054.jpg,success,2,2
img_05_425502300_00026.jpg,success,3,3
img_05_425502600_00052.jpg,success,1,1
img_05_425502600_00053.jpg,success,2,2
img_05_425502700_00052.jpg,success,2,2
img_05_425502900_00052.jpg,success,2,2
img_05_425502900_00053.jpg,success,1,1
img_05_425503200_00065.jpg,success,1,1
img_05_425503400_00052.jpg,success,1,1
img_05_425503500_00054.jpg,success,2,2
img_05_425503600_00053.jpg,success,2,2
img_05_425503800_00052.jpg,success,1,1
img_05_425503800_00053.jpg,success,1,1
img_05_425504800_00052.jpg,success,1,1
img_05_425505100_00052.jpg,success,1,1
img_05_425505100_00053.jpg,success,2,2
img_05_425505500_00052.jpg,success,1,1
img_05_425505500_00053.jpg,success,2,2
img_05_425505900_01176.jpg,success,1,1
img_05_425506100_00052.jpg,success,1,1
img_05_425608200_00006.jpg,success,1,1
img_05_425608200_00007.jpg,success,2,2
img_05_425608200_00814.jpg,success,2,2
img_05_425609500_00001.jpg,success,2,2
img_05_425614600_00001.jpg,success,1,1
img_05_425614600_00470.jpg,success,1,1
img_05_425616200_00711.jpg,success,2,2
img_05_425622400_00001.jpg,success,1,1
img_05_425637700_00842.jpg,success,2,2
img_05_425637800_00890.jpg,success,1,1
img_05_425637900_00899.jpg,success,2,2
img_05_425640100_00874.jpg,success,2,2
img_05_436164700_01553.jpg,success,1,1
img_05_4402542900_01917.jpg,success,1,1
img_05_4402719200_00029.jpg,success,1,1
img_05_4402766800_00515.jpg,success,1,1
img_05_4405356600_00896.jpg,success,1,1
img_05_4405356800_00902.jpg,success,1,1
img_05_4405381400_00774.jpg,success,1,1
img_05_4406562900_00008.jpg,success,2,2
img_05_4406645900_00038.jpg,success,1,1
img_05_4406645900_00040.jpg,success,1,1
img_05_4406645900_00042.jpg,success,1,1
img_05_4406645900_00044.jpg,success,1,1
img_05_4406645900_00563.jpg,success,1,1
img_05_4406645900_00591.jpg,success,1,1
img_05_4406743300_00373.jpg,success,1,1
img_05_4406743300_00374.jpg,success,1,1
img_05_4406743300_00377.jpg,success,1,1
img_05_4406743300_00391.jpg,success,1,1
img_05_4406743300_00400.jpg,success,1,1
img_05_4406743300_00405.jpg,success,1,1
img_05_4406743300_00417.jpg,success,1,1
img_05_4406743300_00420.jpg,success,1,1
img_05_4406743300_00424.jpg,success,1,1
img_05_4406743300_00427.jpg,success,1,1
img_05_4406743300_00436.jpg,success,1,1
img_05_4406743300_00447.jpg,success,1,1
img_05_4406743300_00448.jpg,success,1,1
img_05_4406743300_00458.jpg,success,1,1
img_05_4406743300_00461.jpg,success,1,1
img_05_4406743300_00463.jpg,success,1,1
img_05_4406743300_00467.jpg,success,1,1
img_05_4406743300_00478.jpg,success,1,1
img_05_4406743300_00479.jpg,success,1,1
img_05_4406743300_00487.jpg,success,1,1
img_05_4406743300_00499.jpg,success,1,1
img_05_4406743300_00507.jpg,success,1,1
img_05_4406743300_00516.jpg,success,1,1
img_05_4406743300_00519.jpg,success,1,1
img_05_4406743300_00520.jpg,success,1,1
img_05_4406743300_00535.jpg,success,1,1
img_05_4406743300_00539.jpg,success,1,1
img_05_4406743300_00547.jpg,success,1,1
img_05_4406743300_00554.jpg,success,1,1
img_05_4406743300_00555.jpg,success,1,1
img_05_4406743300_00564.jpg,success,1,1
img_05_4406743300_00568.jpg,success,1,1
img_05_4406743300_00627.jpg,success,1,1
img_05_4406743300_00687.jpg,success,1,1
img_05_4406743300_00849.jpg,success,1,1
img_05_4406743300_00913.jpg,success,1,1
img_05_4406772100_00001.jpg,success,2,2
img_06_3402616100_00001.jpg,success,2,2
img_06_3402617400_01102.jpg,success,2,2
img_06_3402617500_00787.jpg,success,2,2
img_06_3403328900_01020.jpg,success,2,2
img_06_3403329100_01563.jpg,success,2,2
img_06_3403331500_01351.jpg,success,3,3
img_06_3403332000_00931.jpg,success,2,2
img_06_3403333000_00659.jpg,success,2,2
img_06_3403333200_00785.jpg,success,2,2
img_06_3403333400_00834.jpg,success,3,3
img_06_3403334000_00839.jpg,success,2,2
img_06_3403334900_00596.jpg,success,2,2
img_06_3403337800_00766.jpg,success,1,1
img_06_3403338100_00785.jpg,success,2,2
img_06_3403341200_01133.jpg,success,2,2
img_06_3403391400_01266.jpg,success,1,1
img_06_3403392000_01069.jpg,success,1,1
img_06_3403393200_01334.jpg,success,2,2
img_06_3403393800_01155.jpg,success,2,2
img_06_3403394100_01318.jpg,success,2,2
img_06_3403395200_01004.jpg,success,3,3
img_06_3403395500_01126.jpg,success,1,1
img_06_3403397600_01060.jpg,success,1,1
img_06_3403398200_01043.jpg,success,1,1
img_06_3403398500_01173.jpg,success,1,1
img_06_3403399100_01155.jpg,success,2,2
img_06_3403399500_00887.jpg,success,1,1
img_06_3403399600_00739.jpg,success,2,2
img_06_3403400800_00948.jpg,success,3,3
img_06_3403403400_00768.jpg,success,1,1
img_06_3403403700_00805.jpg,success,2,2
img_06_3403403800_00910.jpg,success,1,1
img_06_3403403800_00911.jpg,success,1,1
img_06_3403404000_00927.jpg,success,2,2
img_06_3403404000_00928.jpg,success,1,1
img_06_3403405900_00856.jpg,success,1,1
img_06_3403405900_00857.jpg,success,1,1
img_06_3403406000_00825.jpg,success,2,2
img_06_3436639700_00760.jpg,success,1,1
img_06_3436642500_00002.jpg,success,1,1
img_06_3436786500_00002.jpg,success,1,1
img_06_3436786500_00565.jpg,success,1,1
img_06_3436786500_00578.jpg,success,2,2
img_06_3436814000_00006.jpg,success,1,1
img_06_3436814000_00008.jpg,success,1,1
img_06_3436814000_00009.jpg,success,1,1
img_06_3436814000_00011.jpg,success,1,1
img_06_3436814000_00016.jpg,success,1,1
img_06_3436814000_00675.jpg,success,1,1
img_06_3436814000_00679.jpg,success,1,1
img_06_3436814000_00681.jpg,success,1,1
img_06_3436814000_00683.jpg,success,2,2
img_06_3436814000_00686.jpg,success,1,1
img_06_3436814000_00687.jpg,success,1,1
img_06_3436814000_00691.jpg,success,1,1
img_06_3436814600_00007.jpg,success,1,1
img_06_3436815600_01098.jpg,success,2,2
img_06_3437011100_01183.jpg,success,1,1
img_06_3437011300_00001.jpg,success,2,2
img_06_424798500_01234.jpg,success,2,2
img_06_424799200_00013.jpg,success,1,1
img_06_424799400_01079.jpg,success,2,2
img_06_424826800_00492.jpg,success,1,1
img_06_424826800_00493.jpg,success,1,1
img_06_424826800_00497.jpg,success,1,1
img_06_424826800_00499.jpg,success,1,1
img_06_424826800_00500.jpg,success,1,1
img_06_424826800_00501.jpg,success,1,1
img_06_424826800_00502.jpg,success,1,1
img_06_425003700_00968.jpg,success,3,3
img_06_425237000_00660.jpg,success,1,1
img_06_425237000_00662.jpg,success,1,1
img_06_425237000_00664.jpg,success,2,2
img_06_425237000_00674.jpg,success,1,1
img_06_425237000_00773.jpg,success,1,1
img_06_425237000_00834.jpg,success,1,1
img_06_425243200_00116.jpg,success,2,2
img_06_425382900_00001.jpg,success,1,1
img_06_425389800_00053.jpg,success,2,2
img_06_425390200_00053.jpg,success,2,2
img_06_425390700_00051.jpg,success,2,2
img_06_425391700_00039.jpg,success,7,7
img_06_425392500_00834.jpg,success,1,1
img_06_425501700_00053.jpg,success,2,2
img_06_425501900_00054.jpg,success,2,2
img_06_425502300_00053.jpg,success,2,2
img_06_425502300_01395.jpg,success,2,2
img_06_425502300_01396.jpg,success,2,2
img_06_425502300_01397.jpg,success,2,2
img_06_425502300_01398.jpg,success,2,2
img_06_425502300_01399.jpg,success,3,3
img_06_425502300_01401.jpg,success,3,3
img_06_425502300_01402.jpg,success,5,5
img_06_425502300_01403.jpg,success,5,5
img_06_425502300_01406.jpg,success,6,6
img_06_425502300_01407.jpg,success,6,6
img_06_425502300_01408.jpg,success,5,5
img_06_425502300_01409.jpg,success,5,5
img_06_425502300_01437.jpg,success,1,1
img_06_425502300_01438.jpg,success,1,1
img_06_425502700_00052.jpg,success,2,2
img_06_425503000_00053.jpg,success,2,2
img_06_425503300_00053.jpg,success,2,2
img_06_425503400_00040.jpg,success,1,1
img_06_425503400_00052.jpg,success,1,1
img_06_425503500_00053.jpg,success,1,1
img_06_425503600_00053.jpg,success,2,2
img_06_425503800_00052.jpg,success,1,1
img_06_425504800_00053.jpg,success,2,2
img_06_425504900_00051.jpg,success,2,2
img_06_425505000_00050.jpg,success,2,2
img_06_425505100_00052.jpg,success,2,2
img_06_425505500_00051.jpg,success,1,1
img_06_425505700_00053.jpg,success,2,2
img_06_425505900_00054.jpg,success,2,2
img_06_425506100_00177.jpg,success,1,1
img_06_425506300_01024.jpg,success,1,1
img_06_425506300_01025.jpg,success,1,1
img_06_425506300_01027.jpg,success,1,1
img_06_425506300_01028.jpg,success,1,1
img_06_425506300_01029.jpg,success,1,1
img_06_425506300_01030.jpg,success,1,1
img_06_425506300_01034.jpg,success,2,2
img_06_425506400_00054.jpg,success,2,2
img_06_425507000_00054.jpg,success,2,2
img_06_425507200_00974.jpg,success,1,1
img_06_425507200_00976.jpg,success,1,1
img_06_425507400_00053.jpg,success,2,2
img_06_425507600_00053.jpg,success,2,2
img_06_425508100_00054.jpg,success,2,2
img_06_425508200_00053.jpg,success,1,1
img_06_425508200_00471.jpg,success,2,2
img_06_425508300_00927.jpg,success,1,1
img_06_425508300_00928.jpg,success,4,4
img_06_425508300_00929.jpg,success,3,3
img_06_425508300_00930.jpg,success,6,5
img_06_425508700_00053.jpg,success,2,2
img_06_425508700_00362.jpg,success,2,2
img_06_425608200_00814.jpg,success,3,3
img_06_425613700_00781.jpg,success,3,3
img_06_425613800_00787.jpg,success,2,2
img_06_425614600_00406.jpg,success,1,1
img_06_425614600_00412.jpg,success,1,1
img_06_425614600_00413.jpg,success,1,1
img_06_425614600_00415.jpg,success,1,1
img_06_425614600_00419.jpg,success,1,1
img_06_425614600_00423.jpg,success,1,1
img_06_425614600_00424.jpg,success,1,1
img_06_425614600_00426.jpg,success,1,1
img_06_425614600_00431.jpg,success,1,1
img_06_425614600_00435.jpg,success,1,1
img_06_425614700_00694.jpg,success,1,1
img_06_425615200_00639.jpg,success,2,2
img_06_425616500_00769.jpg,success,1,1
img_06_425637500_00002.jpg,success,2,2
img_06_425637500_00652.jpg,success,2,2
img_06_425637800_00890.jpg,success,3,3
img_06_425637900_00899.jpg,success,3,3
img_06_425639800_00873.jpg,success,2,2
img_06_425639900_00614.jpg,success,1,1
img_06_425640000_00633.jpg,success,2,2
img_06_425644200_00680.jpg,success,1,1
img_06_425644300_00598.jpg,success,2,2
img_06_427199900_00001.jpg,success,2,2
img_06_427199900_00007.jpg,success,1,1
img_06_427199900_01016.jpg,success,1,1
img_06_427199900_01065.jpg,success,1,1
img_06_430103100_01150.jpg,success,1,1
img_06_432235600_01054.jpg,success,2,2
img_06_436164000_00005.jpg,success,2,2
img_06_436164300_00003.jpg,success,1,1
img_06_436164500_01565.jpg,success,2,2
img_06_436164700_01537.jpg,success,1,1
img_06_436166500_01098.jpg,success,2,2
img_06_436185800_00723.jpg,success,1,1
img_06_436185800_00727.jpg,success,1,1
img_06_436185800_00731.jpg,success,1,1
img_06_436185800_00735.jpg,success,1,1
img_06_4402541100_00001.jpg,success,2,2
img_06_4402625300_00104.jpg,skip_no_boxes_after_aug,7,0
img_06_4402625300_00109.jpg,success,6,6
img_06_4402625300_01262.jpg,success,4,4
img_06_4402625300_01263.jpg,success,5,5
img_06_4402719100_00020.jpg,success,1,1
img_06_4402719200_00017.jpg,success,1,1
img_06_4402787700_01015.jpg,success,2,2
img_06_4402830700_01162.jpg,success,1,1
img_06_4403068300_01280.jpg,success,1,1
img_06_4403068400_01288.jpg,success,2,2
img_06_4403801500_01282.jpg,success,1,1
img_06_4404374100_01306.jpg,success,1,1
img_06_4404374100_01337.jpg,success,1,1
img_06_4404374100_01350.jpg,success,1,1
img_06_4404580000_00741.jpg,success,1,1
img_06_4404580600_01173.jpg,success,3,3
img_06_4404616100_00947.jpg,success,1,1
img_06_4404997500_01006.jpg,success,2,2
img_06_4405000800_01031.jpg,success,1,1
img_06_4405133600_00034.jpg,success,1,1
img_06_4405133600_00035.jpg,success,1,1
img_06_4405133600_00921.jpg,success,1,1
img_06_4405228000_01156.jpg,success,1,1
img_06_4405377100_00032.jpg,success,1,1
img_06_4406424300_00002.jpg,success,2,2
img_06_4406424700_00001.jpg,success,3,3
img_06_4406425500_00001.jpg,success,2,2
img_06_4406562900_00002.jpg,success,4,4
img_06_4406645900_00001.jpg,success,2,2
img_06_4406645900_00291.jpg,success,2,2
img_06_4406645900_00303.jpg,success,1,1
img_06_4406645900_00312.jpg,success,1,1
img_06_4406645900_00449.jpg,success,1,1
img_06_4406645900_00479.jpg,success,1,1
img_06_4406645900_00490.jpg,success,1,1
img_06_4406645900_00492.jpg,success,1,1
img_06_4406645900_00493.jpg,success,1,1
img_06_4406645900_00494.jpg,success,1,1
img_06_4406645900_00498.jpg,success,1,1
img_06_4406645900_00501.jpg,success,1,1
img_06_4406743300_00001.jpg,success,1,1
img_06_4406743300_00033.jpg,success,1,1
img_06_4406743300_00034.jpg,success,1,1
img_06_4406743300_00041.jpg,success,1,1
img_06_4406743300_00042.jpg,success,1,1
img_06_4406743300_00045.jpg,success,1,1
img_06_4406743300_00052.jpg,success,1,1
img_06_4406743300_00081.jpg,success,1,1
img_06_4406743300_00082.jpg,success,1,1
img_06_4406743300_00092.jpg,success,1,1
img_06_4406743300_00093.jpg,success,1,1
img_06_4406743300_00094.jpg,success,1,1
img_06_4406743300_00096.jpg,success,1,1
img_06_4406743300_00101.jpg,success,1,1
img_06_4406772100_00002.jpg,success,2,2
img_06_SIS002344_00834.jpg,success,2,2
img_07_3402616100_00001.jpg,success,1,1
img_07_3403334300_00854.jpg,success,1,1
img_07_3403334600_00682.jpg,success,1,1
img_07_3403334800_00898.jpg,success,1,1
img_07_3403335100_01063.jpg,success,1,1
img_07_3403335200_00806.jpg,success,1,1
img_07_3403335500_00710.jpg,success,1,1
img_07_3403335600_00795.jpg,success,1,1
img_07_3403335700_01048.jpg,success,1,1
img_07_3403335800_00900.jpg,success,1,1
img_07_3403337700_00899.jpg,success,1,1
img_07_3403337800_00765.jpg,success,1,1
img_07_3403338100_00785.jpg,success,1,1
img_07_3403403800_00910.jpg,success,2,2
img_07_3403403900_00809.jpg,success,2,2
img_07_3403404500_01254.jpg,success,2,2
img_07_3403405200_00719.jpg,success,1,1
img_07_3403405500_00670.jpg,success,1,1
img_07_3403405700_00736.jpg,success,2,2
img_07_3403406000_00825.jpg,success,1,1
img_07_3436785900_00004.jpg,success,1,1
img_07_3436814000_00005.jpg,success,1,1
img_07_3436814000_00007.jpg,success,1,1
img_07_3436814000_00010.jpg,success,1,1
img_07_3436814000_00016.jpg,success,1,1
img_07_3436814000_00676.jpg,success,1,1
img_07_3436814000_00679.jpg,success,1,1
img_07_3436814000_00692.jpg,success,1,1
img_07_3436814000_00694.jpg,success,1,1
img_07_3437011100_00683.jpg,success,1,1
img_07_3437011100_00684.jpg,success,1,1
img_07_3437011100_00685.jpg,success,2,2
img_07_3437011100_00686.jpg,success,1,1
img_07_3437011100_00693.jpg,success,3,3
img_07_3437011100_01183.jpg,success,1,1
img_07_424714400_00008.jpg,success,2,2
img_07_424714400_00011.jpg,success,2,2
img_07_424799400_00071.jpg,success,1,1
img_07_424826800_00492.jpg,success,1,1
img_07_424826800_00494.jpg,success,1,1
img_07_424826800_00497.jpg,success,1,1
img_07_424826800_00502.jpg,success,1,1
img_07_424826800_00507.jpg,success,1,1
img_07_425004200_00982.jpg,success,1,1
img_07_425004200_00986.jpg,success,2,2
img_07_425005700_01204.jpg,success,1,1
img_07_425008500_00312.jpg,success,1,1
img_07_425008500_00314.jpg,success,2,2
img_07_425100400_00067.jpg,success,1,1
img_07_425100400_00082.jpg,success,1,1
img_07_425100400_00094.jpg,success,1,1
img_07_425390100_00053.jpg,success,1,1
img_07_425390700_00050.jpg,success,1,1
img_07_425390700_00051.jpg,success,2,2
img_07_425390700_00052.jpg,success,1,1
img_07_425390800_00008.jpg,success,1,1
img_07_425390800_00009.jpg,success,3,3
img_07_425390900_00052.jpg,success,7,7
img_07_425390900_00054.jpg,success,7,7
img_07_425390900_00056.jpg,success,5,5
img_07_425390900_00057.jpg,success,6,6
img_07_425390900_00059.jpg,success,8,8
img_07_425390900_00061.jpg,success,4,4
img_07_425390900_00069.jpg,success,4,4
img_07_425390900_00071.jpg,success,6,6
img_07_425390900_00074.jpg,success,7,7
img_07_425390900_00077.jpg,success,5,5
img_07_425390900_00080.jpg,success,8,8
img_07_425390900_00081.jpg,success,6,6
img_07_425390900_00083.jpg,success,5,5
img_07_425390900_00086.jpg,success,6,6
img_07_425390900_00087.jpg,success,6,6
img_07_425390900_00110.jpg,success,3,3
img_07_425390900_00113.jpg,success,3,3
img_07_425391800_00054.jpg,success,2,2
img_07_425503000_00053.jpg,success,2,2
img_07_425503000_00061.jpg,success,1,1
img_07_425504800_00992.jpg,success,1,1
img_07_425507000_00965.jpg,success,1,1
img_07_425507200_00974.jpg,success,2,2
img_07_425507400_01690.jpg,success,2,2
img_07_425507400_01692.jpg,success,2,2
img_07_425508300_00926.jpg,success,4,4
img_07_425508300_00927.jpg,success,1,1
img_07_425508300_00928.jpg,success,3,3
img_07_425508300_00929.jpg,success,2,2
img_07_425508400_00965.jpg,success,3,3
img_07_425508400_00967.jpg,success,1,1
img_07_425508700_00362.jpg,success,1,1
img_07_425508700_00363.jpg,success,1,1
img_07_425508700_01012.jpg,success,3,3
img_07_425613800_00786.jpg,success,1,1
img_07_425637500_00653.jpg,success,1,1
img_07_425644600_00785.jpg,success,1,1
img_07_427199900_00008.jpg,success,1,1
img_07_430103100_01150.jpg,success,1,1
img_07_435974600_00211.jpg,success,2,2
img_07_435974600_00212.jpg,success,2,2
img_07_435974600_00214.jpg,success,2,2
img_07_435974600_00215.jpg,success,1,1
img_07_435974600_00220.jpg,success,1,1
img_07_435974600_00223.jpg,success,1,1
img_07_435974600_00227.jpg,success,1,1
img_07_435974600_00230.jpg,success,1,1
img_07_436163600_00084.jpg,success,2,2
img_07_436163600_00085.jpg,success,1,1
img_07_436164700_01536.jpg,success,1,1
img_07_436164700_01537.jpg,success,1,1
img_07_436164700_01538.jpg,success,1,1
img_07_436164700_01545.jpg,success,1,1
img_07_436164700_01552.jpg,success,1,1
img_07_436164700_01555.jpg,success,2,2
img_07_436165200_00706.jpg,success,2,2
img_07_4402625300_00105.jpg,success,3,3
img_07_4402625300_01262.jpg,success,3,3
img_07_4402719100_00014.jpg,success,1,1
img_07_4402719200_00026.jpg,success,1,1
img_07_4402719500_00001.jpg,success,1,1
img_07_4403743900_00001.jpg,success,1,1
img_07_4404374100_01265.jpg,success,1,1
img_07_4404374100_01279.jpg,success,1,1
img_07_4404374100_01315.jpg,success,1,1
img_07_4404374100_01321.jpg,success,1,1
img_07_4404374100_01338.jpg,success,1,1
img_07_4404374100_01349.jpg,success,1,1
img_07_4404374100_01367.jpg,success,1,1
img_07_4404580600_00507.jpg,success,1,1
img_07_4404612800_00999.jpg,success,1,1
img_07_4404613900_01090.jpg,success,1,1
img_07_4404710300_00877.jpg,success,1,1
img_07_4404711100_00787.jpg,success,1,1
img_07_4404712100_01000.jpg,success,1,1
img_07_4404893200_00890.jpg,success,1,1
img_07_4404893900_00568.jpg,success,1,1
img_07_4404897500_00875.jpg,success,1,1
img_07_4405133600_00033.jpg,success,1,1
img_07_4405133600_00034.jpg,success,1,1
img_07_4405133600_00039.jpg,success,1,1
img_07_4405133600_00042.jpg,success,1,1
img_07_4405133600_00044.jpg,success,1,1
img_07_4405133600_00046.jpg,success,1,1
img_07_4405168700_00710.jpg,success,2,2
img_07_4405227700_00146.jpg,success,1,1
img_07_4405376700_00809.jpg,success,1,1
img_07_4405376800_00039.jpg,success,1,1
img_07_4405376800_00042.jpg,success,1,1
img_07_4405377700_00912.jpg,success,1,1
img_07_4405381400_00773.jpg,success,1,1
img_07_4405381400_00779.jpg,success,1,1
img_07_4405965200_00151.jpg,success,1,1
img_07_4406444100_00004.jpg,success,1,1
img_07_4406562900_00008.jpg,success,4,4
img_07_4406645900_00002.jpg,success,1,1
img_07_4406645900_00017.jpg,success,1,1
img_07_4406645900_00046.jpg,success,1,1
img_07_4406645900_00152.jpg,success,1,1
img_07_4406645900_00154.jpg,success,1,1
img_07_4406645900_00341.jpg,success,1,1
img_07_4406645900_00355.jpg,success,1,1
img_07_4406645900_00502.jpg,success,1,1
img_07_4406645900_00517.jpg,success,1,1
img_07_4406645900_00518.jpg,success,1,1
img_07_4406645900_00522.jpg,success,1,1
img_07_4406645900_00523.jpg,success,1,1
img_07_4406645900_00526.jpg,success,1,1
img_07_4406645900_00527.jpg,success,1,1
img_07_4406645900_00539.jpg,success,1,1
img_07_4406645900_00546.jpg,success,1,1
img_07_4406645900_00559.jpg,success,1,1
img_07_4406645900_00560.jpg,success,1,1
img_07_4406645900_00566.jpg,success,1,1
img_07_4406645900_00570.jpg,success,1,1
img_07_4406645900_00572.jpg,success,1,1
img_07_4406645900_00576.jpg,success,1,1
img_07_4406645900_00581.jpg,success,1,1
img_07_4406645900_00586.jpg,success,1,1
img_07_4406645900_00603.jpg,success,1,1
img_07_4406645900_00614.jpg,success,1,1
img_07_4406645900_00618.jpg,success,1,1
img_07_4406645900_00631.jpg,success,1,1
img_07_4406645900_00650.jpg,success,1,1
img_07_4406645900_00655.jpg,success,1,1
img_07_4406645900_00657.jpg,success,1,1
img_07_4406645900_00659.jpg,success,1,1
img_07_4406645900_00660.jpg,success,1,1
img_07_4406645900_00661.jpg,success,1,1
img_07_4406645900_00693.jpg,success,1,1
img_07_4406645900_00716.jpg,success,2,2
img_07_4406645900_00730.jpg,success,1,1
img_07_4406645900_00740.jpg,success,1,1
img_07_4406645900_00741.jpg,success,1,1
img_07_4406645900_00746.jpg,success,1,1
img_07_4406645900_00747.jpg,success,2,2
img_07_4406645900_00753.jpg,success,1,1
img_07_4406645900_00771.jpg,success,2,2
img_07_4406645900_00774.jpg,success,2,2
img_07_4406645900_00781.jpg,success,1,1
img_07_4406645900_00786.jpg,success,1,1
img_07_4406645900_00805.jpg,success,1,1
img_07_4406645900_00815.jpg,success,1,1
img_07_4406645900_00817.jpg,success,1,1
img_07_4406645900_00824.jpg,success,1,1
img_07_4406645900_00829.jpg,success,1,1
img_07_4406645900_00842.jpg,success,1,1
img_07_4406645900_00850.jpg,success,1,1
img_07_4406645900_00852.jpg,success,1,1
img_07_4406645900_00855.jpg,success,1,1
img_07_4406645900_00859.jpg,success,1,1
img_07_4406645900_00863.jpg,success,2,2
img_07_4406645900_00877.jpg,success,1,1
img_07_4406645900_00897.jpg,success,1,1
img_07_4406743300_00001.jpg,success,2,2
img_07_4406743300_00035.jpg,success,3,3
img_07_4406743300_00036.jpg,success,2,2
img_07_4406743300_00037.jpg,success,1,1
img_07_4406743300_00038.jpg,success,2,2
img_07_4406743300_00039.jpg,success,2,2
img_07_4406743300_00040.jpg,success,2,2
img_07_4406743300_00041.jpg,success,2,2
img_07_4406743300_00060.jpg,success,1,1
img_07_4406743300_00092.jpg,success,1,1
img_07_4406743300_00094.jpg,success,1,1
img_07_4406743300_00095.jpg,success,1,1
img_07_4406743300_00099.jpg,success,1,1
img_07_4406743300_00104.jpg,success,1,1
img_07_4406743300_00112.jpg,success,1,1
img_07_4406772100_00002.jpg,success,2,2
img_07_SIS002353_00788.jpg,success,1,1
img_08_3403334400_00732.jpg,success,1,1
img_08_3403334600_00681.jpg,success,1,1
img_08_3403334700_00670.jpg,success,1,1
img_08_3436783900_01352.jpg,success,1,1
img_08_3436815300_00019.jpg,success,1,1
img_08_3437011100_00683.jpg,success,1,1
img_08_3437011100_00686.jpg,success,2,1
img_08_3437011100_00687.jpg,success,2,2
img_08_3437011100_00694.jpg,success,3,3
img_08_424798500_01234.jpg,success,2,2
img_08_424799600_00001.jpg,success,2,2
img_08_424826300_00950.jpg,success,2,2
img_08_424826800_00002.jpg,success,2,2
img_08_425007500_01452.jpg,success,2,2
img_08_425008500_00872.jpg,success,1,1
img_08_425008500_00873.jpg,success,1,1
img_08_425244400_00900.jpg,success,2,2
img_08_425382400_00001.jpg,success,1,1
img_08_425391700_00095.jpg,success,1,1
img_08_425391700_00179.jpg,success,1,1
img_08_425391700_00182.jpg,success,2,2
img_08_425391700_00183.jpg,success,1,1
img_08_425391700_00184.jpg,success,2,2
img_08_425391700_00185.jpg,success,2,2
img_08_425391700_00188.jpg,success,2,2
img_08_425391700_00189.jpg,success,1,1
img_08_425391700_00191.jpg,success,2,2
img_08_425391800_00054.jpg,success,2,2
img_08_425501100_00051.jpg,success,1,1
img_08_425502200_00054.jpg,success,1,1
img_08_425502300_00053.jpg,success,2,2
img_08_425502600_00052.jpg,success,1,1
img_08_425502600_00053.jpg,success,2,2
img_08_425502700_00052.jpg,success,2,2
img_08_425502900_00052.jpg,success,2,2
img_08_425502900_00053.jpg,success,1,1
img_08_425503000_00053.jpg,success,1,1
img_08_425503100_00053.jpg,success,2,2
img_08_425503300_00053.jpg,success,2,2
img_08_425503400_00052.jpg,success,1,1
img_08_425503500_00054.jpg,success,2,2
img_08_425503800_00052.jpg,success,1,1
img_08_425503800_00053.jpg,success,1,1
img_08_425504800_00053.jpg,success,2,2
img_08_425505000_00051.jpg,success,1,1
img_08_425505100_00052.jpg,success,1,1
img_08_425505500_00052.jpg,success,1,1
img_08_425505500_00053.jpg,success,2,2
img_08_425506100_00159.jpg,success,1,1
img_08_425506100_00161.jpg,success,1,1
img_08_425506100_00260.jpg,success,2,2
img_08_425506100_00400.jpg,success,2,2
img_08_425506100_01047.jpg,success,2,2
img_08_425506100_01049.jpg,success,2,2
img_08_425506100_01051.jpg,success,2,2
img_08_425506100_01058.jpg,success,2,2
img_08_425506100_01064.jpg,success,3,3
img_08_425506100_01068.jpg,success,1,1
img_08_425506600_00952.jpg,success,1,1
img_08_425507200_00333.jpg,success,2,2
img_08_425507600_00361.jpg,success,2,2
img_08_425508100_00977.jpg,success,1,1
img_08_425508100_01294.jpg,success,1,1
img_08_425508100_01398.jpg,success,1,1
img_08_425508100_01624.jpg,success,1,1
img_08_425508200_00024.jpg,success,2,2
img_08_425508200_00033.jpg,success,3,3
img_08_425508200_00043.jpg,success,1,1
img_08_425508200_00046.jpg,success,2,2
img_08_425508200_00361.jpg,success,6,6
img_08_425508200_00363.jpg,success,3,3
img_08_425508200_00375.jpg,success,4,4
img_08_425508200_00402.jpg,success,5,5
img_08_425508200_00403.jpg,success,4,4
img_08_425508300_00656.jpg,success,2,2
img_08_425508600_00656.jpg,success,3,3
img_08_425508700_00666.jpg,success,3,3
img_08_425608200_00006.jpg,success,2,2
img_08_425608200_00007.jpg,success,1,1
img_08_425613700_00782.jpg,success,1,1
img_08_425614600_00470.jpg,success,2,2
img_08_425637500_00653.jpg,success,2,2
img_08_425637700_00842.jpg,success,2,2
img_08_425637800_00890.jpg,success,2,2
img_08_425637900_00898.jpg,success,1,1
img_08_425638500_00036.jpg,success,1,1
img_08_425638500_00713.jpg,success,1,1
img_08_425638500_00714.jpg,success,2,2
img_08_425639900_00613.jpg,success,2,2
img_08_425640000_00634.jpg,success,2,2
img_08_425640100_00874.jpg,success,2,2
img_08_427199900_01134.jpg,success,1,1
img_08_436068100_00003.jpg,success,2,2
img_08_436068100_00869.jpg,success,1,1
img_08_436164500_01565.jpg,success,2,2
img_08_4402304700_01005.jpg,success,1,1
img_08_4402719200_00026.jpg,success,1,1
img_08_4402842500_01044.jpg,success,1,1
img_08_4402851700_00985.jpg,success,1,1
img_08_4403744200_01172.jpg,success,1,1
img_08_4403744200_01181.jpg,success,1,1
img_08_4405134000_01043.jpg,success,1,1
img_08_4405167700_00657.jpg,success,1,1
img_08_4405229800_01204.jpg,success,1,1
img_08_4405381400_00773.jpg,success,1,1
img_08_4406424900_00001.jpg,success,1,1
img_08_4406743300_00019.jpg,success,1,1
img_08_4406743300_00069.jpg,success,1,1
img_08_4406743300_00374.jpg,success,1,1
img_08_4406743300_00380.jpg,success,1,1
img_08_4406743300_00384.jpg,success,1,1
img_08_4406743300_00388.jpg,success,1,1
img_08_4406743300_00390.jpg,success,1,1
img_08_4406743300_00391.jpg,success,1,1
img_08_4406743300_00392.jpg,success,1,1
img_08_4406743300_00393.jpg,success,1,1
img_08_4406743300_00397.jpg,success,1,1
img_08_4406743300_00399.jpg,success,1,1
img_08_4406743300_00400.jpg,success,1,1
img_08_4406743300_00401.jpg,success,1,1
img_08_4406743300_00405.jpg,success,1,1
img_08_4406743300_00406.jpg,success,1,1
img_08_4406743300_00409.jpg,success,1,1
img_08_4406743300_00412.jpg,success,1,1
img_08_4406743300_00413.jpg,success,1,1
img_08_4406743300_00416.jpg,success,1,1
img_08_4406743300_00417.jpg,success,1,1
img_08_4406743300_00422.jpg,success,1,1
img_08_4406743300_00425.jpg,success,1,1
img_08_4406743300_00427.jpg,success,1,1
img_08_4406743300_00428.jpg,success,1,1
img_08_4406743300_00432.jpg,success,1,1
img_08_4406743300_00433.jpg,success,1,1
img_08_4406743300_00434.jpg,success,1,1
img_08_4406743300_00439.jpg,success,1,1
img_08_4406743300_00444.jpg,success,1,1
img_08_4406743300_00450.jpg,success,1,1
img_08_4406743300_00453.jpg,success,1,1
img_08_4406743300_00456.jpg,success,1,1
img_08_4406743300_00457.jpg,success,1,1
img_08_4406743300_00461.jpg,success,1,1
img_08_4406743300_00462.jpg,success,1,1
img_08_4406743300_00463.jpg,success,1,1
img_08_4406743300_00465.jpg,success,1,1
img_08_4406743300_00470.jpg,success,1,1
img_08_4406743300_00477.jpg,success,1,1
img_08_4406743300_00483.jpg,success,1,1
img_08_4406743300_00486.jpg,success,1,1
img_08_4406743300_00698.jpg,success,1,1
